1000,Lagos,gravida. Praesent eu nulla at sem molestie sodales.,9C539C3C-CFA6-EFAE-4511-E36CF6D8DD1C
1001,Lisieux,"dis parturient montes, nascetur ridiculus mus. Proin vel nisl.",F26E4F15-0354-FCE7-32EE-98DA8524B7B8
1002,Gaithersburg,Mauris ut quam vel sapien imperdiet,9545A3A0-E789-867F-C8ED-0BCCB42F6F11
1003,Windsor,"luctus sit amet, faucibus ut,",E0073BD4-D3CB-D4C4-D28C-2C33AF653A04
1004,Moio Alcantara,velit. Quisque varius. Nam porttitor scelerisque neque. Nullam nisl. Maecenas,35EA7724-5BEA-A2CE-F374-B8084FA9E2C8
1005,Whitby,felis ullamcorper viverra. Maecenas iaculis aliquet diam. Sed diam,CB1E1C36-EC6E-B325-7AAE-874E5F3CF13C
1006,Lillois-WitterzŽe,"montes, nascetur ridiculus",9880BB2E-EF69-BF4C-E39C-19D5DF842107
1007,Şereflikoçhisar,"ornare,",3412C3C3-2F9D-5D43-7DB1-605F92D7F3A0
1008,Gonnosnò,"mi, ac",04D26388-2081-7707-FD38-A87D48D17E31
1009,Clovenfords,"parturient montes, nascetur ridiculus mus.",26D5ADB4-9852-8802-967E-A60A272A0B33
1010,Nairn,"sollicitudin a, malesuada id, erat. Etiam vestibulum massa rutrum",40F06BE1-F63C-F79B-C077-38ED11E65370
1011,Iowa City,Nunc quis arcu,4AA7B397-0B5F-514A-B2D9-782DB7B2B1D2
1012,Los Vilos,libero at auctor,BD4C6CCD-D2BE-7E01-2538-467CDE93AD00
1013,Gougnies,"luctus ut, pellentesque eget, dictum",2540D7B1-7FCB-1AFB-C617-9481B58FA910
1014,Colombes,Nam porttitor scelerisque neque. Nullam nisl. Maecenas malesuada fringilla,E26D2D3C-8AD2-7050-5A43-6D1115731F64
1015,Sundrie,"Nunc laoreet lectus quis massa. Mauris vestibulum, neque sed",2AA74FEC-4E63-C055-7678-E4099257FA69
1016,Livorno,"convallis, ante lectus convallis est, vitae sodales nisi magna",CAA06DE1-66B1-88DD-F867-1CE20406B1CB
1017,Latronico,"dui quis accumsan convallis, ante lectus convallis est, vitae",16869176-AFFC-8D60-87F8-33256BFF80F9
1018,Lumaco,"facilisis eget, ipsum. Donec sollicitudin",9819BA6A-1A04-EB6F-7AFF-BDFC81EE44F9
1019,Saint-Eug�ne-de-Guigues,"et, lacinia vitae, sodales",5A5E2CAB-00B9-0A8E-0850-24B1D6142735
1020,Elsene,"consectetuer rhoncus. Nullam velit dui,",82699091-2E88-CEEF-91D9-EFDC6D09EEDD
1021,Columbia,"non magna. Nam ligula elit, pretium et, rutrum non, hendrerit",9275CB40-39D7-FC98-77CC-75F68D519549
1022,Cambridge,"et tristique pellentesque, tellus sem mollis dui, in sodales",629243AD-F0AD-5A9B-C73D-ED2D2FB96FC9
1023,Leamington,"et,",60602B26-EE93-64FF-AC80-5E594C6C3A38
1024,Glastonbury,lacus. Etiam,70F9F8B2-87EA-B5CB-2B64-AE8030C42433
1025,Oklahoma City,vulputate velit eu sem. Pellentesque,9370D724-9C9B-B686-46E1-3CA83971DA4F
1026,Vanier,"Morbi neque tellus,",7A34F3B4-97FE-35F3-B206-FABFC0B3BDA3
1027,Newark,Praesent interdum ligula eu enim. Etiam imperdiet dictum magna. Ut,FBD56D4E-5DD1-C4FE-B458-A6113918197C
1028,Tavier,nulla. Donec non,1CB33B17-7173-839B-8B42-4F73A22F0F04
1029,Mellery,Sed,7969E86D-436C-1F7E-5744-C3C7B0977568
1030,Tulsa,orci,2ADA4497-4DDD-AC70-47C2-D7B164A7CA6C
1031,Quellón,quam. Pellentesque habitant morbi tristique senectus et netus et,240E3A78-7F82-CF63-B165-D569A0807165
1032,Thuillies,"malesuada augue ut lacus. Nulla tincidunt, neque vitae",CF319B35-01D6-7BEF-99AD-52D398B389CD
1033,Montgomery,"posuere vulputate,",D4D315E0-56FE-70AE-DEE4-A47A1116A984
1034,Gembloux,tincidunt tempus risus. Donec egestas. Duis ac,FE241B09-33FB-EDB2-F7B1-EAFCE42CC35F
1035,Newmarket,non nisi.,1D4B5878-7E6B-22CD-3FBE-08F0C029C643
1036,Milestone,"fringilla, porttitor vulputate, posuere vulputate, lacus. Cras",2D91E13A-BE05-6345-97FE-09DEF2411311
1037,Bendigo,Quisque ornare tortor,78D13208-A4ED-2EA2-F1C5-B3968A7EBC47
1038,Palmariggi,"amet, consectetuer adipiscing elit. Curabitur",1269F7CA-D045-3604-62B0-26C90E1D08DF
1039,San Sebastiano al Vesuvio,"facilisis. Suspendisse commodo tincidunt nibh. Phasellus nulla. Integer vulputate,",09C3A69A-C763-9D04-9700-6336729B58A9
1040,Mornimont,"et risus. Quisque libero lacus, varius et, euismod",FED91F2C-0689-CB11-6D06-0F3B43C94717
1041,Campomarino,"mollis non, cursus non, egestas a, dui. Cras pellentesque.",B266BC20-2259-79C4-6ABB-4AC2DFC0BFD4
1042,Poggiodomo,"risus. In mi pede, nonummy ut,",6D736A97-EC7B-4DA9-69BB-CABCBF706B65
1043,Ceppaloni,tincidunt congue turpis. In condimentum. Donec,BD638CBB-7E47-4154-4408-E83E20823391
1044,Bad Vilbel,Duis,E6D86B87-9396-1DD1-0A1E-5FFF0EE4DE18
1045,Sommethonne,arcu et pede.,DE132C69-D43A-3EF7-E8F8-C259E2B15155
1046,Clearwater Municipal District,"Cras dolor dolor, tempus non, lacinia at, iaculis quis, pede.",B8317C3E-D74F-7734-B957-FAD285ACA0D4
1047,St. Neots,"Nunc mauris elit,",8287EB1B-3E4D-5B51-FB19-4C48FF9B55BF
1048,Tilff,"rutrum non, hendrerit id,",FE300056-FCB7-463B-8D5E-0741C0E5707D
1049,Greenock,in consequat enim diam vel arcu. Curabitur ut odio vel,11AA3D91-6EF2-B6A6-9711-52C75797301F
1050,Lossiemouth,sagittis lobortis mauris. Suspendisse aliquet,8E62715B-058D-F530-3904-0960AFBD145C
1051,Stirling,eget nisi,CD07DBBA-766F-DE62-C516-C6A1594DA2CE
1052,Beringen,Aenean,9D18782B-04EA-6016-575C-DA6A398AA108
1053,Bad Kreuznach,sagittis. Nullam vitae,CA40F338-8902-8744-6721-3D65270D1B34
1054,Stirling,metus. In nec orci. Donec nibh. Quisque,5537DA53-2365-CD2B-686D-413229157BE3
1055,Nampa,neque et nunc. Quisque ornare tortor,EDD523EC-B1F2-36AB-A82A-81BF0611A54C
1056,Notre-Dame-de-la-Salette,Praesent luctus. Curabitur egestas nunc,C7F795C7-3095-6AE2-2836-993AC6079B68
1057,Champlain,Proin eget odio. Aliquam vulputate ullamcorper magna. Sed eu,F9870120-A1E1-D51E-6CD9-2AF9EED90311
1058,Mérignac,molestie,0D13D536-AF0D-BF85-B9B5-7DCD792F0551
1059,Muzaffarpur,odio. Etiam ligula,BB63F736-E186-B1EE-F045-3017B03155CC
1060,Wansin,"amet, consectetuer adipiscing elit. Curabitur",36FA7350-81E5-E4FF-9BC7-2099BC49E95E
1061,Devon,"facilisis facilisis,",AFC96B20-96F2-707E-1611-9F832596A328
1062,Harrisburg,"est, congue a, aliquet vel, vulputate eu, odio.",67A89850-0F34-C08E-D306-01715E5E1F4E
1063,Cerignola,"non, lobortis quis, pede. Suspendisse dui. Fusce diam nunc,",BA308C85-8D13-A1AC-5E75-5C48A2ED6CB9
1064,Feira de Santana,"sit amet, consectetuer adipiscing elit.",633E4781-4AE1-AACA-7A03-D52CE194F828
1065,Saskatoon,metus vitae velit,51A39916-8233-B5E5-ED34-4AE514905F2F
1066,Delta,"at, egestas a, scelerisque sed,",D89DCC4A-1DE0-BC19-B7A1-AED6D9E5E29E
1067,Schleswig,egestas.,9FCDAED6-7EFF-832B-F6E5-93A569C0CCD5
1068,Sellia Marina,felis,F2E8FE96-D28F-A3CD-98F3-BE430C4B7C83
1069,Burntisland,ante lectus convallis,BC1B8DE3-C710-CFAB-5B06-717422E13A7B
1070,Sibret,posuere cubilia Curae;,C73EE9A0-6B73-5077-EE71-CD7A9E8BFABC
1071,Tiruvarur,risus. Nunc ac sem ut dolor dapibus,6035598A-033E-6849-A91C-687DD529635B
1072,Mandela,vitae,F6709EB8-B309-5EF1-33F3-EA62A98FFF9C
1073,St. Petersburg,"Fusce dolor quam, elementum at, egestas",4435A84F-ABC2-3DB3-55AB-4017326BE7BF
1074,Sint-Denijs-Westrem,Suspendisse sagittis. Nullam vitae diam. Proin dolor. Nulla semper tellus,EB4F1B9A-0270-56F9-09A1-734EFDDFF964
1075,Lüneburg,"Morbi accumsan laoreet ipsum. Curabitur consequat, lectus",7AC31BA4-2331-F5E3-E41D-E8AF569D067B
1076,Falun,mus. Donec dignissim magna a tortor. Nunc,56D5D5AE-8DA0-C5B4-B6AB-52EFC03A4CF6
1077,Erode,pede. Praesent eu dui. Cum sociis natoque penatibus et magnis,9A960D83-5CB1-7E12-6599-D60F609804C1
1078,Rocca Santo Stefano,"eget, venenatis a, magna.",A8B6F558-5BD1-791E-BC1A-7C7CF56F9DB2
1079,Noragugume,habitant morbi tristique senectus et netus et malesuada fames,AD4514E0-C869-E544-C573-06E6E2DCC5C8
1080,Chiavari,lacinia mattis. Integer,340FF237-7A6F-3163-B46A-149C4B639E34
1081,San Fratello,"eu, eleifend nec,",3DD956ED-EDAC-3849-E266-F643BAB879A0
1082,Presteigne,ac nulla. In tincidunt congue turpis. In condimentum.,BC08071D-0500-71AC-EA26-43A080BB6B7A
1083,Fontanellato,"sociis natoque penatibus et magnis dis parturient montes, nascetur",E9CEB3F2-1F66-4FEF-6273-E00EEE271E12
1084,Sioux City,"euismod in, dolor.",63C6B4A1-D06A-224B-A683-C34FDEEDDDDF
1085,Concepción,"ullamcorper eu, euismod",B1E4C942-EB7C-B468-D69A-EBF42FFA6B37
1086,Mayerthorpe,eu odio tristique pharetra. Quisque ac,B8635DC0-7A27-34EC-DD5A-4650BB37992E
1087,Amstelveen,morbi,164F958F-4350-4327-A468-2F7F22C7F50A
1088,Russell,dictum magna. Ut,7878A5D2-3442-463C-AA01-96CC6C181248
1089,Sterling Heights,"Aliquam gravida mauris ut mi. Duis risus odio, auctor",8515A145-9133-D878-B1C9-AEDE9D402FCE
1090,Roux,ad litora torquent,E4179646-3B2B-4A9A-1593-CBFD1B3CCB2A
1091,San Javier,Quisque nonummy ipsum non arcu. Vivamus sit amet risus. Donec,EC91C4B7-7726-CD1D-24BA-9532B16A1070
1092,Graneros,"cursus, diam",73C6C38B-1C5E-EBC0-8212-5AA797E6BD04
1093,Grey County,"est. Nunc ullamcorper, velit in",7A49BAF6-021A-E027-5167-E7E03A792DDB
1094,Colico,"fringilla, porttitor vulputate, posuere vulputate, lacus.",F38B3AFB-980D-AE82-532D-94D32A870F78
1095,Vihari,fermentum,877DC876-3CCB-421E-F4E6-6A76E23B5AA3
1096,Whithorn,"varius et, euismod et, commodo",ACB475D0-0A00-D5C4-0586-1075100E263B
1097,San Diego,"elit, pellentesque a, facilisis non, bibendum sed, est. Nunc",0367F8BC-FFEB-86EC-EC6C-E3920E324D00
1098,Sennariolo,et libero. Proin,BCBB61E8-B9C7-4653-3740-801AE95F981C
1099,Lagos,arcu. Vestibulum ut eros,70795E81-5422-9AE8-5D89-6F650041D561
